id,zcta,fips,census_year,geo_id,population,median_age,race_total,race_white,race_black,race_native,race_asian,race_pacific,race_other,race_two_or_more,hispanic_total,hispanic_yes,nativity_total,non_citizen_total,foreign_born_universe,foreign_born_total,citizen_total,year_of_entry_total,entered_before_2010,entered_2010_or_later,household_total,household_family,household_nonfamily,household_size_total,household_size_1,household_size_2,household_size_3,household_size_4,household_size_5,household_size_6,household_size_7_plus,households_with_children_total,married_couple_with_children,single_female_with_children,single_male_with_children,multigenerational_households,total_education_population,high_school_graduate,ged,some_college,associates,bachelors_some,bachelors_complete,masters,professional,doctorate,education_by_age_total,school_enrollment_total,school_enrollment_nursery_preschool,school_enrollment_kindergarten,school_enrollment_grade_1_to_4,school_enrollment_grade_5_to_8,school_enrollment_grade_9_to_12,college_undergraduate_enrollment,college_graduate_enrollment,median_household_income,per_capita_income,income_total,income_under_10k,income_200k_plus,gini_index,employment_total,in_labor_force,civilian_labor_force,employed,unemployed,not_in_labor_force,employment_by_age_total,housing_units_total,occupancy_total,occupied,vacant,tenure_total,owner_occupied,renter_occupied,median_home_value,median_gross_rent,median_rent_as_pct_income,median_year_built,units_structure_total,units_detached,units_attached,units_2,units_3_4,units_5_9,units_10_19,units_20_49,units_50_plus,mobile_homes,year_moved_in_total,moved_in_2017_or_later,moved_2015_to_2016,moved_2010_to_2014,moved_2000_to_2009,moved_before_2000,vehicles_available_total,no_vehicle,one_vehicle,two_vehicles,three_vehicles,four_plus_vehicles,poverty_total,income_below_poverty,income_above_poverty,commute_total,commute_drove_alone,commute_carpool,commute_public_transit,commute_walked,commute_time_total,commute_time_less_5,commute_time_10_14,worked_from_home,language_total_population_5_plus,speaks_english_less_than_very_well,speaks_english_very_well,limited_english_spanish,limited_english_asian,limited_english_other,veteran_total,service_period_total,disability_total,disability_under_5,disability_5_17,disability_18_34,disability_35_64,disability_65_74,disability_75_plus,occupation_total,occupation_male_total,occupation_male_management,occupation_male_business_science_arts,occupation_male_service,occupation_male_sales_office,occupation_male_natural_resources_construction,occupation_male_production_transportation,occupation_female_total,occupation_female_management,occupation_female_business_science_arts,occupation_female_service,occupation_female_sales_office,occupation_female_natural_resources_construction,occupation_female_production_transportation,industry_total,industry_agriculture_forestry_fishing,industry_mining,industry_construction,industry_manufacturing,industry_wholesale_trade,industry_retail_trade,industry_transportation_utilities,industry_information,industry_finance_insurance_real_estate,industry_professional_scientific_management,industry_educational_services,industry_healthcare_social_assistance,industry_arts_entertainment_recreation,industry_accommodation_food_services,industry_other_services,industry_public_administration,worker_class_total,worker_class_private,worker_class_government,worker_class_self_employed,worker_class_unpaid_family,industry_median_earnings_total,industry_median_earnings_agriculture,industry_median_earnings_construction,industry_median_earnings_manufacturing,industry_median_earnings_wholesale_trade,industry_median_earnings_retail_trade,industry_median_earnings_transportation,industry_median_earnings_information,industry_median_earnings_finance,industry_median_earnings_professional,industry_median_earnings_educational,industry_median_earnings_healthcare,industry_median_earnings_arts_entertainment,industry_median_earnings_accommodation_food,industry_median_earnings_other_services,industry_median_earnings_public_admin,occupation_median_earnings_total,occupation_median_earnings_management,occupation_median_earnings_business_science_arts,occupation_median_earnings_service,occupation_median_earnings_sales_office,occupation_median_earnings_natural_resources_construction,occupation_median_earnings_production_transportation,age_0_17,age_18_34,age_35_54,age_55_74,age_75_plus,has_census_data,created_at,updated_at
1,19701,19701,2023,860Z200US19701,44801,41.1,44801,23672,11552,33,4608,0,1784,3152,44801,4762,44801,3141,7740,427,4599,8784,2451,416,16798,11794,5004,16798,11794,4450,3605,2435,924,185,195,16798,5421,1182,8,,32582,9174,544,2225,3879,2875,6807,3549,265,663,11284,42893,9787,313,440,2070,1720,2374,2107,107856,46236,16798,651,2800,0.3766,36839,25681,25520,23982,1538,11158,36839,17368,17368,16798,570,16798,13430,3368,337800,1732,29.4,1995,17368,8748,4490,39,75,624,1023,244,172,1891,44743,37375,2054,6911,10932,9248,16798,639,5204,6553,2993,1409,44523,3311,1197,23925,17297,483,0,4552,19373,1677,1453,1447,42242,0,0,485,549,0,35447,2402,44633,0,225,448,1098,4168,2242,23982,12674,5250,2235,1336,899,1732,1071,93,936,193,276,354,113,347,23982,12674,20,20,0,1760,1256,382,1149,1408,1242,166,110,944,909,35,1974,18190,10099,20,20,0,23982,71,1845,1733,522,2503,1983,286,2264,3322,6050,1424,983,996,10943,71,58130,85491,89984,109288,80204,97726,101101,9193,9425,13417,10596,2170,1,2025-12-01T16:48:58.372Z,2025-12-01T16:48:58.372Z
2,19702,19702,2023,860Z200US19702,56049,36.8,56049,23372,17620,40,6751,48,3598,4620,56049,7706,56049,6399,12393,706,5994,14089,6205,410,21551,14126,7425,21551,14126,5464,4090,2479,1249,553,291,21551,6778,1953,0,,38362,8165,1127,2646,5591,2937,8821,5316,712,404,15253,53932,13036,1125,1165,2227,2490,2296,2754,92304,42548,21551,585,2283,0.3823,44445,32562,32299,30944,1355,11883,44445,22149,22149,21551,598,21551,12970,8581,331200,1549,25.3,1992,22149,9841,5394,50,340,2214,2145,976,343,815,56001,34710,1023,4354,9032,11315,21551,985,7495,8703,3140,1228,55946,4445,1787,30674,22287,466,63,4199,26475,4416,1600,811,51855,126,78,914,201,38,43253,2555,55786,0,300,474,2146,7631,2923,30944,15892,6778,3282,2007,1275,2191,1437,211,1096,285,167,517,127,209,30944,15892,89,89,0,1578,1594,338,1546,2008,1837,171,202,1989,1830,159,2285,23143,12443,89,89,0,30944,101,1971,2245,466,2805,2428,320,4715,3587,7970,2212,1084,1040,14493,24,50625,78553,80825,83862,78998,100690,105242,12533,14159,14316,13097,1944,1,2025-12-01T16:49:38.957Z,2025-12-01T16:49:38.957Z
3,19703,19703,2023,860Z200US19703,15936,38,15936,8739,4335,24,1352,0,455,1031,15936,1367,15936,944,1859,219,915,2054,988,68,6818,3738,3080,6818,3738,1586,1071,566,372,115,28,6818,1719,403,0,,11506,3156,316,782,1671,835,2520,1327,123,79,4049,15366,3500,239,409,593,742,559,700,76328,42419,6818,182,428,0.4186,12951,9216,9210,8838,372,3735,12951,7114,7114,6818,296,6818,3642,3176,266500,1305,27.8,1965,7114,2987,1160,110,256,546,1198,119,723,15,15922,9418,183,810,3138,2062,6818,467,2937,2407,832,175,15893,1376,402,8668,6619,216,54,1106,7562,658,607,193,15071,58,0,204,56,9,12718,780,15929,0,199,187,448,2053,952,8838,4557,1748,664,479,185,670,416,87,261,134,0,49,78,153,8838,4557,0,0,0,403,559,73,691,278,254,24,67,461,364,97,604,6900,3833,0,0,0,8838,0,478,783,131,1154,360,95,876,1145,2332,767,364,353,3780,0,50682,72076,74028,77500,73456,104813,86190,3212,3986,4205,3599,934,1,2025-12-01T16:50:19.589Z,2025-12-01T16:50:19.589Z
4,19706,19706,2023,860Z200US19706,2059,40.3,2059,1566,160,2,0,0,32,299,2059,190,2059,8,24,16,16,33,0,0,734,490,244,734,490,235,117,82,18,28,10,734,201,76,0,,1375,530,65,83,218,91,247,39,0,8,294,2031,493,8,36,151,137,114,35,77143,35060,734,30,34,0.3687,1617,1013,1013,943,70,604,1617,774,774,734,40,734,556,178,244600,1420,31.3,1961,774,527,110,33,7,9,0,6,0,82,2021,1436,41,359,301,140,734,33,269,271,80,81,2021,193,15,922,744,5,0,129,793,0,18,116,2013,0,0,0,0,0,1583,130,2021,0,38,74,31,152,154,943,587,192,138,28,110,42,0,17,11,0,0,6,5,1,943,587,6,6,0,119,86,14,146,43,37,6,0,30,15,15,93,754,485,6,6,0,943,6,125,107,14,174,70,0,76,141,106,56,34,34,318,0,53580,84375,92840,77171,93207,85313,,476,400,506,595,82,1,2025-12-01T16:51:00.115Z,2025-12-01T16:51:00.115Z
5,19707,19707,2023,860Z200US19707,17366,44.6,17366,13876,331,0,1782,0,79,1298,17366,652,17366,405,1738,125,1333,1911,352,57,6298,5062,1236,6298,5062,2169,1136,1108,367,271,11,6298,2240,323,0,,12018,1508,55,556,954,937,4163,2304,462,879,7808,17109,5153,577,243,991,1246,1152,623,172161,73132,6298,115,2635,0.3983,13516,8525,8484,8285,199,4991,13516,6610,6610,6298,312,6298,5434,864,534300,2230,25,1984,6610,5338,697,0,0,0,0,168,377,30,17008,15382,328,1474,7024,2506,6298,332,1030,3241,1296,399,17019,340,374,7942,5435,19,0,1933,6009,425,260,95,16502,0,0,220,226,0,12927,691,16978,0,160,130,490,964,962,8285,4126,3155,1679,1184,495,974,372,268,435,80,37,169,149,67,8285,4126,12,12,0,536,569,130,313,75,57,18,0,805,725,80,739,5889,3220,0,0,0,8285,12,683,867,196,728,107,14,1401,1550,1987,302,229,209,5971,12,94466,114737,151529,162083,122197,107112,112626,4398,1946,4931,4332,1759,1,2025-12-01T16:51:40.571Z,2025-12-01T16:51:40.571Z
6,19709,19709,2023,860Z200US19709,50542,40.2,50542,30484,12158,10,3624,0,1086,3180,50542,3172,50542,1782,5557,194,3775,6059,1864,44,17649,14092,3557,17649,14092,5381,3846,3382,965,303,215,17649,7308,1989,0,,33829,5947,702,1550,4519,3043,9358,5581,721,967,16627,48852,14450,832,554,2841,3643,4365,1343,129971,55938,17649,529,4103,0.4051,38536,25587,25478,24121,1357,12949,38536,17819,17819,17649,170,17649,15232,2417,444900,1571,24.5,2005,17819,12256,3827,76,205,454,460,210,135,196,50392,44068,3061,9780,15164,11648,17649,332,3977,8361,3349,1630,50023,2410,1329,23901,17733,135,0,4349,19552,1222,2052,1360,47745,72,0,507,221,0,36463,2467,50331,0,339,439,1368,4047,3430,24121,11963,5782,3227,2518,709,1422,802,105,697,56,123,280,238,436,24121,11963,145,145,0,1048,968,434,1393,760,504,256,240,1766,1457,309,1708,18489,9640,86,86,0,24121,194,1163,1685,902,2082,1055,328,3614,2826,6569,1572,669,1462,13207,21,71149,90669,106470,122034,94321,100203,82102,13970,7977,13378,11966,3251,1,2025-12-01T16:52:21.020Z,2025-12-01T16:52:21.020Z
8,19711,19711,2023,860Z200US19711,49113,35.8,49113,35497,4532,128,3695,8,727,4526,49113,4464,49113,3036,5747,835,2711,6550,3082,239,18982,11022,7960,18982,11022,5542,2522,1728,817,245,168,18982,3865,583,0,,31874,5114,581,1892,3424,2599,9343,4673,593,2182,16791,47801,15125,702,306,1886,1639,1935,7145,94455,50081,18982,1107,3127,0.4551,41984,26430,26332,24970,1362,15554,41984,20617,20617,18982,1635,18982,12425,6557,376300,1516,33.9,1977,20617,12400,2347,277,534,940,2678,701,685,21,47448,31229,1404,3556,8063,5885,18982,1179,6020,7449,2985,1349,47623,7078,1058,24811,16664,302,14,4118,20693,4007,876,666,46875,52,9,361,308,0,41072,2066,48881,0,585,373,1017,7725,2389,24970,13415,6499,2322,1728,594,1911,1086,277,1937,419,74,1240,204,329,24970,13415,78,78,0,1002,1279,219,1592,1186,958,228,162,1471,1258,213,1564,16913,9957,66,66,0,24970,274,1155,1759,340,2945,1361,196,3221,2678,7559,1805,764,913,12991,32,53532,77071,81730,91581,60325,95429,102691,7943,16202,10533,10859,3576,1,2025-12-01T16:53:41.816Z,2025-12-01T16:53:41.816Z
14,19731,19731,2023,860Z200US19731,630,67.2,630,630,0,0,0,0,0,0,630,0,630,0,0,0,0,0,0,0,247,177,70,247,177,116,0,0,61,0,0,247,61,0,0,,489,286,0,0,151,10,0,0,0,0,0,630,15,0,0,0,0,0,15,68832,30823,247,0,0,0.2356,504,182,182,182,0,322,504,247,247,247,0,247,226,21,347500,,-666666666,1938,247,192,55,0,0,0,0,0,0,0,630,588,0,327,15,24,247,0,70,82,81,14,630,15,59,182,182,0,0,0,182,0,0,0,571,0,0,0,0,0,504,20,630,0,0,0,0,0,82,182,151,0,0,0,0,0,0,0,0,0,0,0,0,0,182,151,0,0,0,14,0,0,21,0,0,0,0,0,0,0,55,127,96,0,0,0,182,0,14,0,0,42,0,0,0,55,10,61,0,0,10,0,34727,,,,,,,126,15,87,229,173,1,2025-12-01T16:57:44.505Z,2025-12-01T16:57:44.505Z
9,19713,19713,2023,860Z200US19713,30549,38.2,30549,16580,6704,96,1777,0,1636,3756,30549,5816,30549,2759,5226,389,2467,5767,1749,119,12143,6953,5190,12143,6953,2614,1806,1382,656,253,242,12143,3419,1006,0,,21764,6612,619,1070,3219,1509,4178,1609,184,483,6454,29369,6590,178,267,1454,1648,1307,1291,72850,39666,12143,670,1084,0.4265,25115,16718,16663,16028,635,8397,25115,12803,12803,12143,660,12143,7589,4554,267500,1293,28,1972,12803,7359,1156,56,403,564,2076,564,319,306,30205,19856,656,3014,4830,4206,12143,860,4995,3960,1612,716,30240,3949,712,15779,11533,339,22,2196,13583,1924,926,336,28882,158,59,281,261,5,24348,1723,30224,0,444,336,800,3915,1548,16028,8026,2634,894,584,310,992,574,142,641,4,52,504,81,107,16028,8026,35,35,0,890,533,251,1320,640,569,71,117,486,428,58,1565,11448,6242,29,29,0,16028,35,989,942,299,2395,1131,136,1976,2197,3376,1360,528,664,6162,0,46679,73418,87588,72516,101310,95573,120649,6146,7821,7043,7160,2379,1,2025-12-01T16:54:22.260Z,2025-12-01T16:54:22.260Z
11,19717,19717,2023,860Z200US19717,6522,19.4,6522,5121,626,16,362,0,113,284,6522,454,6522,229,343,64,114,420,265,26,0,0,0,0,0,0,0,0,0,0,0,0,0,0,0,,0,0,0,0,0,0,0,0,0,0,0,6522,6522,0,0,0,0,0,6499,,4663,0,0,0,-666666666,6522,2321,2321,2132,189,4201,6522,0,0,0,0,0,0,0,,,-666666666,,0,0,0,0,0,0,0,0,0,0,0,0,0,0,0,0,0,0,0,0,0,0,0,0,0,1995,926,74,0,198,1797,446,18,37,6522,38,0,150,78,0,6416,0,6522,0,292,0,0,4094,0,2132,614,215,49,49,0,40,14,26,118,0,0,50,68,8,2132,614,0,0,0,0,0,24,64,59,59,0,0,32,32,0,48,161,23,0,0,0,2132,0,0,12,28,274,106,16,38,119,602,728,116,93,468,0,4881,5400,10660,11389,,6523,6860,106,6416,0,0,0,1,2025-12-01T16:55:43.168Z,2025-12-01T16:55:43.168Z
12,19720,19720,2023,860Z200US19720,60593,39.7,60593,23435,26242,261,1055,78,5148,4374,60593,10554,60593,3322,7383,287,4061,9153,2293,417,23102,15001,8101,23102,15001,6093,4172,2771,1191,404,370,23102,6494,1961,2,,42728,14672,2092,2302,6160,3664,5422,3236,262,321,9241,58680,13471,1019,448,2686,3052,3259,2524,75985,37375,23102,884,1650,0.4147,48698,33260,33092,31924,1168,15438,48698,24262,24262,23102,1160,23102,15523,7579,242600,1282,30,1971,24262,14399,3713,421,715,1583,2325,348,457,301,59843,41940,1416,5099,12091,11093,23102,1300,8903,8183,3330,1386,59854,6049,1000,31450,22686,813,125,4339,27111,4041,1559,950,57214,384,0,293,82,0,47128,3135,59769,0,763,858,2185,6354,2507,31924,15825,4362,2480,1664,816,865,561,138,798,217,18,393,170,219,31924,15825,218,206,12,1513,1451,314,1832,2430,2275,155,317,1245,1024,221,1970,23102,12004,138,126,12,31924,242,1707,2072,571,3508,3191,490,3193,3289,7259,2590,1534,2278,11044,10,43996,61222,67815,71260,59892,69801,69728,13297,13095,16075,14668,3458,1,2025-12-01T16:56:23.606Z,2025-12-01T16:56:23.606Z
13,19730,19730,2023,860Z200US19730,506,38.5,506,410,65,4,0,0,9,18,506,39,506,3,9,3,6,14,3,0,207,135,72,207,135,44,59,18,6,8,0,207,88,2,0,,338,75,14,12,53,21,101,46,3,4,154,473,136,1,15,63,19,25,8,81927,43652,207,5,20,0.4035,361,234,234,232,2,127,361,227,227,207,20,207,175,32,299300,1344,27.2,1952,227,209,6,9,0,0,0,0,0,0,506,429,20,26,137,181,207,5,66,99,22,15,506,6,28,230,193,2,0,30,200,9,16,1,472,0,0,1,0,0,352,35,506,0,0,8,6,40,58,232,129,31,15,11,4,10,10,0,0,0,0,0,0,6,232,129,0,0,0,34,5,24,7,14,14,0,0,12,9,3,10,183,116,0,0,0,232,0,34,26,24,7,18,0,16,15,75,8,0,9,98,0,59500,75000,82500,86458,75313,115833,,154,82,116,118,36,1,2025-12-01T16:57:04.053Z,2025-12-01T16:57:04.053Z
15,19732,19732,2023,860Z200US19732,155,72.7,155,155,0,0,0,0,0,0,155,0,155,0,0,0,0,0,0,0,85,68,17,85,68,68,0,0,0,0,0,85,0,0,0,,155,0,0,0,0,0,116,13,18,8,155,155,0,0,0,0,0,0,0,250001,220709,85,13,57,0.4554,155,71,71,71,0,84,155,85,85,85,0,85,85,0,704900,,-666666666,1938,85,61,15,0,0,0,9,0,0,0,155,155,0,26,33,41,85,0,17,27,41,0,155,24,0,71,60,0,0,11,60,19,0,0,155,0,0,0,0,0,155,9,155,0,0,0,0,0,38,71,21,21,0,0,0,0,0,0,14,0,14,0,0,7,71,21,0,0,0,0,0,0,0,0,0,0,0,0,0,0,14,14,14,0,0,0,71,0,27,0,0,0,0,0,0,14,30,0,0,0,33,0,9836,71979,,,,,,0,0,11,105,39,1,2025-12-01T16:58:24.944Z,2025-12-01T16:58:24.944Z
16,19733,19733,2023,860Z200US19733,182,51.3,182,99,0,0,0,0,0,83,182,83,182,38,38,0,0,38,0,0,75,52,23,75,52,21,11,20,0,0,0,75,0,0,0,,162,72,0,12,21,23,23,11,0,0,34,182,20,0,0,0,0,0,20,,27201,75,0,0,0.3838,182,118,118,98,20,64,182,114,114,75,39,75,55,20,220500,,-666666666,1938,114,74,40,0,0,0,0,0,0,0,182,99,0,0,0,0,75,0,0,0,41,34,182,0,0,98,98,0,0,0,98,0,30,0,182,0,0,0,0,0,182,0,182,0,20,0,0,11,0,98,78,11,0,0,0,11,0,11,0,0,0,0,0,0,98,78,0,0,0,18,23,0,0,0,0,0,0,0,0,0,25,49,29,0,0,0,98,0,18,23,0,0,0,0,0,25,11,21,0,0,20,0,24167,,,,,,,0,56,50,53,23,1,2025-12-01T16:59:05.397Z,2025-12-01T16:59:05.397Z
17,19734,19734,2023,860Z200US19734,14151,38.4,14151,9455,3136,0,328,45,301,886,14151,766,14151,156,806,40,650,856,313,31,4454,3392,1062,4454,3392,912,938,827,556,102,57,4454,1905,324,0,,9370,2569,323,680,1186,1082,1824,1066,88,75,3053,13642,4004,131,127,681,1342,1029,501,131745,46173,4454,16,794,0.3581,10879,7342,7342,7160,182,3537,10879,4689,4689,4454,235,4454,3973,481,426300,1342,30.3,2003,4689,3863,481,7,13,0,0,25,106,194,14124,12744,202,2591,4328,3684,4454,153,923,1854,856,668,14101,522,373,7073,5078,122,0,1253,5820,678,720,514,13443,0,0,86,42,0,10225,865,14151,0,81,99,335,1387,737,7160,3623,1315,849,629,220,239,179,0,165,67,20,30,48,62,7160,3623,19,19,0,836,377,95,473,326,326,0,26,234,234,0,411,5662,3101,16,16,0,7160,37,1079,545,122,686,372,46,709,652,1835,398,145,534,3272,11,65422,82891,95370,97278,92361,125074,125368,3926,2668,4350,2626,581,1,2025-12-01T16:59:45.854Z,2025-12-01T16:59:45.854Z
19,19736,19736,2023,860Z200US19736,13,-666666666,13,13,0,0,0,0,0,0,13,0,13,0,0,0,0,0,0,0,13,0,13,13,0,0,0,0,0,0,0,13,0,0,0,,13,0,0,0,0,0,13,0,0,0,13,13,0,0,0,0,0,0,0,,,13,0,0,-666666666,13,0,0,0,0,13,13,13,13,13,0,13,13,0,,,-666666666,,13,13,0,0,0,0,0,0,0,0,13,13,0,0,0,0,13,0,13,0,0,0,13,0,0,0,0,0,0,0,0,0,0,0,13,0,0,0,0,0,13,0,13,0,0,0,0,0,0,0,0,0,0,0,0,0,0,0,0,0,0,0,0,0,0,0,0,0,0,0,0,0,0,0,0,0,0,0,0,0,0,0,0,0,0,0,0,0,0,0,0,0,0,0,0,0,0,0,0,0,0,0,,,,,,,,0,0,0,13,0,,2025-12-01T17:01:06.688Z,2025-12-01T17:01:06.688Z
20,19801,19801,2023,860Z200US19801,16170,35,16170,2709,10967,20,693,0,645,1136,16170,1459,16170,906,1438,60,532,1825,707,44,8041,3218,4823,8041,3218,1406,969,570,192,81,0,8041,1741,1157,7,,11478,3359,467,534,1568,784,1402,995,332,261,2990,15842,3781,310,58,632,972,939,664,44505,33326,8041,819,331,0.4972,13357,8772,8755,7968,787,4585,13357,9390,9390,8041,1349,8041,2345,5696,196000,1126,29.8,1958,9390,775,3469,495,938,428,211,554,2477,34,15811,5055,743,602,1203,1328,8041,2279,4272,1295,195,0,16111,4646,133,7744,4326,872,28,992,6752,854,472,208,15486,55,11,97,64,0,12732,582,16153,35,309,204,290,2630,559,7968,3550,1386,523,246,277,430,218,132,274,69,74,54,77,159,7968,3550,8,8,0,393,406,32,438,360,327,33,27,446,414,32,347,5731,2703,8,8,0,7968,8,427,561,32,1181,659,76,750,874,2061,481,440,418,3034,0,40136,66784,75139,63942,77326,77019,99911,3421,4644,4105,3378,622,1,2025-12-01T17:01:47.108Z,2025-12-01T17:01:47.108Z
21,19802,19802,2023,860Z200US19802,25670,37,25670,5822,17666,31,259,0,551,1341,25670,1752,25670,897,2798,247,1901,3088,869,37,10504,5364,5140,10504,5364,2190,1671,1037,184,221,61,10504,2466,1209,0,,18077,5328,1120,1274,2168,1161,2753,1405,388,514,5060,24559,5484,647,189,1105,894,1376,843,54370,34490,10504,816,542,0.483,20844,13656,13647,12452,1195,7188,20844,11596,11596,10504,1092,10504,5000,5504,188400,1236,32.3,1951,11596,1296,6275,679,442,696,488,494,1189,37,24236,12437,1110,1423,2872,3490,10504,1961,4824,2714,801,204,24275,4915,708,12142,7830,915,0,1734,10408,2192,546,444,23689,63,0,136,0,0,20214,1407,24306,66,556,292,834,2779,1273,12452,6270,2292,953,499,454,360,131,93,749,357,167,168,57,230,12452,6270,5,5,0,707,419,44,756,1028,908,120,50,595,548,47,528,8967,4688,0,0,0,12452,14,707,645,44,1374,1242,83,1450,1426,3173,891,475,928,5384,5,43677,66057,71073,72344,70645,72061,48661,5447,6720,6240,5939,1324,1,2025-12-01T17:02:27.531Z,2025-12-01T17:02:27.531Z
22,19803,19803,2023,860Z200US19803,21971,46.4,21971,18978,1158,17,798,0,318,702,21971,1081,21971,681,1639,410,958,1769,390,12,8723,6225,2498,8723,6225,2946,1547,1158,428,120,26,8723,2509,359,0,,16192,2122,205,803,1375,1213,5184,3016,788,929,9917,21464,4895,528,286,894,1008,1182,707,133941,73167,8723,158,2603,0.4729,17865,11404,11307,10709,598,6461,17865,8900,8900,8723,177,8723,7854,869,436200,1736,26.8,1960,8900,7784,469,0,91,70,101,75,301,9,21385,19389,1437,2470,5156,4831,8723,216,2263,4258,1476,510,21433,531,554,10558,7426,63,0,2190,8368,1229,614,226,20938,0,0,347,38,23,17233,1058,21500,0,213,201,459,1337,1550,10709,5851,3229,1612,970,642,615,282,167,638,30,222,247,139,364,10709,5851,13,13,0,420,531,177,538,350,296,54,218,833,760,73,1031,8585,4959,8,8,0,10709,13,448,865,233,1052,460,289,1374,1650,2897,738,325,365,6591,0,80994,99058,116692,137467,97262,103177,91230,4641,3110,6069,5878,2273,1,2025-12-01T17:03:07.987Z,2025-12-01T17:03:07.987Z
23,19804,19804,2023,860Z200US19804,18231,41,18231,12180,2405,56,279,16,1753,1542,18231,3274,18231,860,1824,199,964,2303,541,172,7627,4388,3239,7627,4388,1825,1138,936,356,87,46,7627,2067,609,0,,13292,4097,673,798,2013,1165,1971,868,106,154,3099,17660,3722,160,181,514,721,1199,778,76204,45369,7627,336,584,0.4829,15543,10314,10314,9711,603,5229,15543,8075,8075,7627,448,7627,5773,1854,244700,1157,26.6,1957,8075,5495,1064,170,441,277,535,14,15,64,18215,14148,787,2061,3139,3589,7627,448,3102,2606,998,473,18200,1546,243,9562,7255,137,0,962,8600,1239,590,315,17320,182,0,94,67,0,14707,729,18231,0,68,157,660,2026,738,9711,4620,1197,551,442,109,407,315,30,162,0,43,63,56,77,9711,4620,99,92,7,767,306,59,625,625,602,23,103,271,227,44,676,6938,3649,99,92,7,9711,119,805,437,99,1505,852,154,689,1179,2255,954,421,242,3658,5,46640,64631,73171,69464,78616,72460,79432,3524,4162,5110,3821,1614,1,2025-12-01T17:03:48.434Z,2025-12-01T17:03:48.434Z
24,19805,19805,2023,860Z200US19805,40315,35.8,40315,16928,13359,306,316,23,5549,3834,40315,10080,40315,2319,3742,225,1423,5575,2116,341,15952,9312,6640,15952,9312,3559,2523,1966,880,276,108,15952,5137,2820,0,,26753,8606,1096,1720,3850,1893,4090,1535,421,169,6215,39064,9831,927,280,2121,2714,2364,983,56708,31136,15952,1155,562,0.4473,31010,20439,20401,19298,1103,10571,31010,17281,17281,15952,1329,15952,9056,6896,220200,1203,32.9,1948,17281,4834,8875,837,990,856,369,241,261,12,39877,21901,1496,3914,5428,4919,15952,2007,8162,4404,1094,285,39823,8315,991,18920,13520,1054,84,1643,17277,2802,1268,719,37730,569,59,348,10,111,29623,2108,39949,88,254,490,1125,4694,1740,19298,9628,1988,711,485,226,717,416,66,421,38,141,162,80,139,19298,9628,89,69,20,1049,547,63,1028,1258,1180,78,66,553,507,46,1424,13256,6649,56,36,20,19298,93,1141,884,370,2117,1727,146,1623,2490,4488,2174,992,1053,5931,9,40588,61684,59306,59876,58529,90938,91134,10654,8896,10510,8346,1909,1,2025-12-01T17:04:28.880Z,2025-12-01T17:04:28.880Z
25,19806,19806,2023,860Z200US19806,9934,49.8,9934,7778,1092,7,133,0,429,495,9934,425,9934,217,468,115,251,534,180,23,6144,1733,4411,6144,1733,1142,361,142,83,5,0,6144,483,92,0,,8495,1100,52,181,462,488,2963,1671,1124,253,6011,9833,1160,66,51,328,88,134,293,86240,83611,6144,501,1069,0.5134,9144,6188,6184,6059,125,2956,9144,6638,6638,6144,494,6144,3131,3013,370500,1329,27.4,1952,6638,593,2174,259,752,279,152,546,1883,0,9576,5712,467,1363,1699,1196,6144,952,3015,1894,219,64,9613,1048,120,5954,3917,183,0,1404,4550,894,181,22,9727,38,0,179,0,0,9108,369,9659,0,57,126,87,1539,808,6059,2820,1970,842,534,308,467,243,115,515,124,191,159,41,146,6059,2820,52,52,0,111,257,18,174,147,78,69,65,541,506,35,536,4517,2198,52,52,0,6059,52,206,392,18,278,152,103,886,1157,1828,363,320,304,4471,0,77284,82695,100221,100044,114167,88533,122031,822,2818,2051,2913,1330,1,2025-12-01T17:05:09.330Z,2025-12-01T17:05:09.330Z
26,19807,19807,2023,860Z200US19807,7763,53.4,7763,6321,159,0,809,0,17,457,7763,184,7763,474,960,217,486,1044,353,12,3538,2323,1215,3538,2323,1360,487,391,85,0,0,3538,755,47,0,,6134,461,35,195,485,238,2148,1358,905,262,4673,7621,1397,61,57,223,285,447,244,156905,112146,3538,156,1519,0.5097,6857,4016,4016,3668,348,2841,6857,3813,3813,3538,275,3538,2432,1106,895400,1600,21.3,1967,3813,2590,227,0,414,46,66,56,396,18,7694,5819,212,784,1471,2137,3538,178,1078,1320,645,317,7700,803,135,3616,2458,221,42,625,2991,508,226,41,7532,38,0,235,26,0,6566,307,7701,0,31,27,96,495,630,3668,1946,1470,791,596,195,163,84,0,311,32,220,50,9,205,3668,1946,27,27,0,115,217,31,121,60,60,0,13,463,281,182,277,2758,1510,27,27,0,3668,27,144,359,48,193,60,88,763,591,957,159,71,208,2723,19,88594,106139,126176,137985,85781,106472,110568,1197,1101,1773,2393,1299,1,2025-12-01T17:05:49.776Z,2025-12-01T17:05:49.776Z
27,19808,19808,2023,860Z200US19808,38334,43.6,38334,27291,3089,54,3067,0,2236,2597,38334,5502,38334,2226,5447,472,3221,5751,1478,50,15587,10198,5389,15587,10198,4880,2451,1878,627,236,126,15587,4047,1260,23,,28373,7249,744,1575,3221,2006,6934,3248,407,1085,11674,37623,8459,607,334,1873,1823,1765,1616,92883,48076,15587,433,1920,0.4027,31868,21132,21123,20337,786,10736,31868,16037,16037,15587,450,15587,12322,3265,309700,1357,26.3,1971,16037,9867,2814,48,231,552,1125,502,136,762,37645,30038,1464,3157,9508,7130,15587,512,5561,6519,2218,777,37501,2105,538,19882,14392,214,31,2610,17272,2114,837,495,36776,92,51,191,279,0,31059,2055,37930,0,199,434,843,4304,2176,20337,10439,4119,1812,1079,733,1222,701,244,706,168,90,295,153,379,20337,10439,140,100,40,1445,862,183,1621,939,697,242,201,1133,1019,114,1287,14427,7944,96,68,28,20337,226,1509,1372,295,2400,1272,277,2431,2654,4443,2102,515,841,9144,74,56404,76468,78750,80931,77527,102887,96875,7266,7763,9909,10080,3316,1,2025-12-01T17:06:30.225Z,2025-12-01T17:06:30.225Z
28,19809,19809,2023,860Z200US19809,15129,37.9,15129,9757,3661,1,665,0,149,896,15129,611,15129,322,891,100,569,1106,329,0,6236,3860,2376,6236,3860,1638,1052,902,185,11,72,6236,2060,952,3,,10547,2300,234,936,1216,800,2683,1691,261,101,4736,14207,3431,299,148,798,667,746,445,85988,44836,6236,382,827,0.4288,11611,7955,7955,7458,497,3656,11611,6531,6531,6236,295,6236,4324,1912,308900,1373,28.4,1957,6531,3933,640,183,237,859,372,110,175,22,15015,10705,468,1222,3768,2735,6236,362,2693,2220,707,254,14982,1742,971,7367,4933,265,0,1350,6017,807,320,275,13700,10,0,81,30,0,11202,698,15035,0,62,62,388,1453,715,7458,3640,2084,1085,684,401,344,272,13,596,25,32,364,175,59,7458,3640,26,26,0,204,238,72,455,265,238,27,48,506,488,18,618,5354,2702,16,16,0,7458,32,261,320,134,739,391,97,1012,1243,1852,647,442,288,4498,22,59591,75458,81750,78603,89375,82250,81472,3927,2850,3499,3868,985,1,2025-12-01T17:07:10.676Z,2025-12-01T17:07:10.676Z
29,19810,19810,2023,860Z200US19810,25859,46.1,25859,19696,2646,59,1582,0,126,1750,25859,760,25859,864,2374,332,1510,2587,734,9,10599,7116,3483,10599,7116,3452,1476,1429,564,188,7,10599,2718,535,0,,19231,3428,360,979,1962,1475,5355,3581,591,698,10225,25124,5458,382,245,1264,1084,1256,790,110486,57200,10599,336,2468,0.419,21342,12883,12883,12461,422,8459,21342,11000,11000,10599,401,10599,8431,2168,420300,1517,31.4,1967,11000,7871,621,27,179,489,529,180,831,273,25648,21802,875,2940,5961,4017,10599,608,3034,4825,1575,557,25646,1217,568,12303,8368,472,0,2551,9752,1221,892,338,24529,15,0,326,180,0,20427,1064,25784,0,112,141,762,2137,1904,12461,6732,3620,1442,900,542,1168,545,210,535,51,123,264,97,475,12461,6732,25,0,25,417,1066,152,514,556,511,45,136,672,546,126,919,9201,5266,25,0,25,12461,83,480,1415,245,1083,649,191,1249,1625,3289,968,470,714,6741,28,66462,87818,92888,108295,86400,102596,100858,5432,4521,6032,6915,2959,1,2025-12-01T17:07:51.120Z,2025-12-01T17:07:51.120Z
30,19901,19901,2023,860Z200US19901,39149,32.4,39149,19022,13787,62,853,91,1218,4116,39149,5086,39149,1326,2572,324,1246,4274,1623,1027,14363,9218,5145,14363,9218,3933,2200,1814,552,511,208,14363,4843,1965,53,,23532,6396,1320,1691,3269,2043,3820,1833,395,205,6253,37933,11733,278,511,1829,1712,2108,4335,63891,31142,14363,658,698,0.4354,31052,18137,16697,15327,1370,12915,31052,15443,15443,14363,1080,14363,7771,6592,258400,1353,30.9,1986,15443,7337,2648,430,381,739,816,480,488,2115,36496,19519,1484,3392,6467,3808,14363,958,6142,4967,1517,779,36362,6050,977,16372,12549,290,76,1029,15343,3576,920,496,36628,157,184,274,112,0,28515,3349,37567,0,774,543,999,5787,2084,15327,7306,1860,766,520,246,556,259,197,364,69,25,224,46,174,15327,7306,79,79,0,1043,806,62,1144,833,743,90,53,269,221,48,646,10085,5168,22,22,0,15327,79,1088,1255,242,2424,1123,145,779,1218,3770,1487,642,1075,4568,5,37007,61856,62349,62860,62222,66725,51042,9194,11664,7575,7953,2763,1,2025-12-01T17:08:31.678Z,2025-12-01T17:08:31.678Z
31,19902,19902,2023,860Z200US19902,53,21.4,53,35,11,0,3,0,1,3,53,4,53,1,1,0,0,5,3,3,0,0,0,0,0,0,0,0,0,0,0,0,0,0,0,,4,0,0,0,3,1,0,0,0,0,0,53,3,0,0,0,0,0,3,,22996,0,0,0,-666666666,53,53,0,0,0,0,53,0,0,0,0,0,0,0,,,-666666666,,0,0,0,0,0,0,0,0,0,0,0,0,0,0,0,0,0,0,0,0,0,0,0,0,0,53,36,0,0,0,53,5,0,0,53,0,0,1,3,0,0,0,0,0,0,0,0,0,0,0,0,0,0,0,0,0,0,0,0,0,0,0,0,0,0,0,0,0,0,0,0,0,0,0,0,0,0,0,0,0,0,0,0,0,0,0,0,0,0,0,0,0,0,0,0,0,0,0,0,0,0,0,,,,,,,,0,53,0,0,0,1,2025-12-01T17:09:12.220Z,2025-12-01T17:09:12.220Z
32,19904,19904,2023,860Z200US19904,38125,40.5,38125,18863,13450,278,1211,4,999,3320,38125,3080,38125,1704,3837,486,2133,4668,1905,86,14777,9216,5561,14777,9216,4061,2218,1830,516,402,189,14777,4154,1594,112,,26074,7183,1517,1933,3498,2394,4410,2065,419,208,7102,37327,9895,406,692,2060,1706,2057,2495,66885,33930,14777,601,781,0.4119,30922,19079,18924,17898,1026,11843,30922,16047,16047,14777,1270,14777,9165,5612,281000,1240,34.7,1990,16047,9015,1620,493,342,877,1608,586,299,1207,36969,24388,1691,4516,6191,6644,14777,1496,4606,5432,2323,920,36858,5313,696,17431,13176,277,185,1500,15931,2399,1064,480,36324,172,0,729,39,0,29559,3265,37559,0,371,391,951,4004,2011,17898,9197,2746,1330,826,504,667,277,54,376,116,8,211,41,373,17898,9197,111,111,0,905,1024,335,1300,927,827,100,18,338,271,67,777,12985,6701,111,111,0,17898,114,1230,1380,394,2336,1277,56,846,1688,5022,1379,911,1265,6524,43,42941,60479,68367,69861,61728,68662,85313,8411,8494,9170,8655,3395,1,2025-12-01T17:09:52.670Z,2025-12-01T17:09:52.670Z
33,19930,19930,2023,860Z200US19930,2873,67.6,2873,2557,17,146,20,0,45,88,2873,23,2873,21,108,69,87,132,12,0,1481,1042,439,1481,1042,875,118,44,0,5,0,1481,58,17,0,,2679,173,21,86,320,145,1026,629,159,104,1918,2851,219,0,0,28,21,17,151,118092,94327,1481,16,427,0.4797,2788,978,978,933,45,1810,2788,8884,8884,1481,7403,1481,1450,31,798300,1542,13.9,1989,8884,5334,2149,15,191,89,123,640,316,27,2857,2773,143,630,607,600,1481,59,559,606,153,104,2854,78,4,911,530,7,0,307,604,44,36,36,2851,0,0,174,0,0,2777,367,2857,0,5,88,18,92,645,933,465,288,148,94,54,39,28,0,90,2,23,50,15,11,933,465,0,0,0,26,9,7,42,16,10,6,3,48,26,22,131,634,330,0,0,0,933,3,26,24,7,67,19,11,76,197,208,132,25,138,537,0,61607,104028,121667,151563,104306,59205,58182,96,178,225,1758,616,1,2025-12-01T17:10:33.113Z,2025-12-01T17:10:33.113Z
34,19931,19931,2023,860Z200US19931,431,52.4,431,349,16,0,0,0,0,66,431,62,431,5,5,2,0,67,30,30,184,125,59,184,125,85,9,15,8,8,0,184,37,5,0,,334,98,6,12,24,65,83,27,4,0,114,406,83,3,0,17,17,26,13,91111,40920,184,4,9,0.2674,354,146,145,136,9,208,354,199,199,184,15,184,181,3,276300,,-666666666,1938,199,193,2,0,0,0,0,0,0,0,431,417,1,88,221,33,184,0,63,93,18,10,431,6,16,137,111,0,0,10,127,10,10,0,403,30,0,0,0,0,342,53,430,0,6,26,12,25,17,136,63,14,8,2,6,4,1,1,2,2,0,0,0,0,136,63,5,5,0,7,9,2,1,15,15,0,0,6,0,6,6,115,59,5,5,0,136,5,7,17,2,3,15,0,13,8,35,5,16,10,48,0,68158,74286,78125,85625,,77500,,88,39,107,160,37,1,2025-12-01T17:11:13.568Z,2025-12-01T17:11:13.568Z
35,19933,19933,2023,860Z200US19933,11409,38.9,11409,6457,2395,56,43,0,1363,1095,11409,2522,11409,775,1110,80,335,1163,379,12,4153,2894,1259,4153,2894,1346,538,587,164,182,77,4153,1289,594,0,,7245,1868,394,626,892,909,978,325,53,25,1381,10829,2620,254,127,718,688,491,302,61261,30049,4153,160,156,0.4292,8353,4467,4467,4254,213,3886,8353,4454,4454,4153,301,4153,3223,930,231300,1021,20.9,1998,4454,2816,234,38,33,95,40,25,0,1173,11391,8421,472,1027,2814,2566,4153,191,1684,1405,671,202,11162,2859,136,4105,3264,19,0,165,3940,612,329,284,10402,129,0,153,0,0,8238,620,11409,0,143,153,588,877,759,4254,2234,384,136,88,48,95,66,0,123,16,0,91,16,30,4254,2234,165,165,0,421,396,19,231,242,194,48,19,29,4,25,180,3149,1801,149,149,0,4254,186,546,557,30,470,307,52,102,261,1195,319,141,88,960,6,37130,54202,83162,84706,55313,85943,86321,3171,2076,2409,2840,913,1,2025-12-01T17:11:54.018Z,2025-12-01T17:11:54.018Z
36,19934,19934,2023,860Z200US19934,13579,38.7,13579,8746,3256,18,253,0,175,1131,13579,777,13579,408,1540,114,1132,1850,201,74,5050,3853,1197,5050,3853,2078,684,516,258,205,112,5050,1462,262,0,,9661,2405,294,591,1392,870,1932,1152,192,75,3351,13017,3058,152,227,626,532,551,807,79100,37102,5050,170,464,0.4038,11066,7118,6885,6583,302,3948,11066,5318,5318,5050,268,5050,4166,884,311200,1510,34.3,1997,5318,4459,331,71,82,18,40,18,0,299,13573,11291,505,1769,3643,3470,5050,199,1541,2081,697,532,13569,1067,342,6629,5141,13,18,634,5995,1011,346,52,12740,0,0,422,9,0,10478,1816,13346,0,112,200,464,1705,1123,6583,3423,1137,424,328,96,181,76,36,366,93,37,216,20,166,6583,3423,9,9,0,247,350,78,605,346,281,65,23,97,80,17,194,4187,2314,9,9,0,6583,70,258,365,80,1002,381,24,322,646,1503,595,410,927,2604,6,45035,59960,65769,59321,72819,72375,84000,2868,3462,2650,3683,916,1,2025-12-01T17:12:34.465Z,2025-12-01T17:12:34.465Z
37,19936,19936,2023,860Z200US19936,176,54.3,176,103,5,16,0,0,0,52,176,81,176,14,45,0,31,67,0,0,70,41,29,70,41,15,10,16,0,0,0,70,10,3,0,,141,57,7,9,4,4,9,0,0,0,9,176,14,0,0,0,4,10,0,35556,34405,70,6,8,0.5214,163,116,116,110,6,47,163,80,80,70,10,70,47,23,116300,1135,46.1,1981,80,46,0,0,0,0,0,0,0,34,176,129,0,11,93,2,70,0,32,12,12,14,176,13,0,110,59,0,0,0,110,9,3,2,173,0,0,0,0,0,159,21,176,0,0,0,3,12,11,110,61,11,9,9,0,2,2,0,0,0,0,0,0,0,110,61,9,9,0,12,0,0,19,6,6,0,0,0,0,0,2,106,58,9,9,0,110,9,12,23,0,21,6,0,10,4,24,0,1,0,11,0,35385,,,,,,,17,28,60,53,18,1,2025-12-01T17:13:14.913Z,2025-12-01T17:13:14.913Z
38,19938,19938,2023,860Z200US19938,9867,37.4,9867,7108,2104,52,161,0,133,309,9867,474,9867,187,494,30,307,1099,326,204,3160,2560,600,3160,2560,881,567,568,288,112,144,3160,1442,169,0,,6362,2204,185,460,801,643,925,479,32,54,1490,9412,2788,149,186,839,692,488,334,96338,34490,3160,79,167,0.3457,7269,4868,4868,4768,100,2401,7269,3246,3246,3160,86,3160,2797,363,335800,1624,28.1,1997,3246,2811,91,0,25,0,0,0,0,319,9859,9003,341,1113,3332,3147,3160,28,740,1324,618,450,9818,540,202,4631,3766,12,0,239,4392,247,692,71,9218,0,0,52,70,0,7092,513,9867,0,28,116,430,757,525,4768,2642,792,404,343,61,210,102,68,118,1,25,78,14,60,4768,2642,0,0,0,363,412,67,271,259,250,9,4,300,194,106,210,3861,2241,0,0,0,4768,7,381,457,67,526,303,40,430,296,1224,409,213,415,1845,7,49067,67372,81576,81701,81125,72390,49966,2775,1865,2779,2043,405,1,2025-12-01T17:13:55.363Z,2025-12-01T17:13:55.363Z
39,19939,19939,2023,860Z200US19939,7833,55.5,7833,7209,245,50,28,0,97,204,7833,196,7833,55,163,86,108,222,38,0,3214,2423,791,3214,2423,1559,340,347,113,50,14,3214,678,75,0,,6208,1850,155,271,802,573,1301,635,137,33,2106,7646,1420,84,89,292,432,155,239,86583,45276,3214,42,364,0.3987,6547,3576,3576,3478,98,2971,6547,4252,4252,3214,1038,3214,2960,254,365100,1375,19,1996,4252,3407,208,38,28,15,0,0,0,556,7833,7134,644,1141,2526,1537,3214,20,799,1703,532,160,7806,392,198,3457,2658,25,0,450,3007,277,199,78,7479,16,0,13,6,0,6472,559,7833,0,7,175,156,564,722,3478,1952,433,261,191,70,77,45,0,73,2,0,39,32,22,3478,1952,12,12,0,341,28,88,173,56,56,0,2,126,102,24,437,2533,1416,4,4,0,3478,12,364,51,104,286,65,54,268,599,788,407,137,343,1262,8,48570,59573,66875,75781,52321,29602,28239,1361,1051,1446,3045,930,1,2025-12-01T17:14:35.803Z,2025-12-01T17:14:35.803Z
40,19940,19940,2023,860Z200US19940,7108,41.7,7108,4762,1171,9,118,0,117,931,7108,737,7108,146,470,17,324,527,104,0,2351,1561,790,2351,1561,657,321,309,158,82,34,2351,734,181,0,,4881,1654,91,214,732,350,536,456,32,44,1068,6825,1687,69,269,610,349,100,148,63361,32617,2351,77,106,0.4185,5348,3331,3321,3107,214,2017,5348,2711,2711,2351,360,2351,1941,410,225700,938,23.3,1991,2711,1898,29,11,108,89,37,13,3,523,7016,5992,528,1131,1681,1427,2351,60,673,949,501,168,7016,997,216,3011,2485,0,0,324,2687,234,246,44,6681,129,0,49,0,0,5299,419,7006,0,21,71,191,586,410,3107,1950,375,282,266,16,17,16,0,38,13,0,17,8,38,3107,1950,89,89,0,278,417,19,205,207,198,9,26,30,0,30,163,2503,1635,89,89,0,3107,93,332,472,19,405,255,38,103,205,649,327,78,131,780,93,49724,65526,70259,66771,71316,90577,61250,1799,1268,1537,1921,583,1,2025-12-01T17:15:16.256Z,2025-12-01T17:15:16.256Z
41,19941,19941,2023,860Z200US19941,3120,37.2,3120,1679,824,0,0,0,202,415,3120,605,3120,183,204,4,21,212,12,0,1161,790,371,1161,790,363,168,202,52,4,1,1161,447,187,0,,2019,694,24,302,174,146,263,80,0,0,343,2859,685,18,37,217,177,137,99,66601,27319,1161,65,19,0.3902,2281,1324,1323,1226,97,957,2281,1273,1273,1161,112,1161,896,265,225500,1054,43.4,1994,1273,836,31,11,0,0,0,0,0,395,3107,2154,48,503,671,441,1161,99,192,392,245,233,3030,655,209,1226,1077,0,0,78,1148,190,72,82,2795,9,0,0,0,0,2226,115,3119,0,1,37,62,420,146,1226,554,46,32,30,2,8,6,0,6,0,0,6,0,0,1226,554,12,12,0,130,68,45,65,62,54,8,0,2,2,0,56,916,419,12,12,0,1226,12,151,107,45,156,62,0,25,133,327,33,73,102,283,0,44674,78630,41587,82847,41087,,,893,625,635,891,76,1,2025-12-01T17:15:56.707Z,2025-12-01T17:15:56.707Z
42,19943,19943,2023,860Z200US19943,13167,45.9,13167,9904,2432,38,51,0,204,538,13167,595,13167,100,389,205,289,625,30,25,5307,3943,1364,5307,3943,2045,836,748,215,58,41,5307,1451,333,30,,9895,2825,468,653,1277,695,1895,993,52,82,3022,12868,2672,117,102,647,368,797,505,77247,38548,5307,288,329,0.3939,11028,6164,5911,5648,263,4864,11028,5807,5807,5307,500,5307,4635,672,287200,1262,35.6,1994,5807,4746,56,0,35,22,8,61,0,854,13158,11328,1038,1028,3690,3165,5307,146,1424,2035,1033,669,13116,1068,141,5663,4803,1,0,327,5336,312,298,161,12600,0,0,84,0,0,10405,1426,12914,0,75,201,374,1276,645,5648,2558,875,283,181,102,93,3,41,391,27,19,205,140,108,5648,2558,50,50,0,449,283,32,174,235,198,37,24,22,0,22,265,4264,2016,28,28,0,5648,61,519,370,52,429,510,60,214,580,1397,558,286,612,2452,0,47924,58066,68906,65333,69487,49319,6429,2509,2148,3573,3919,1018,1,2025-12-01T17:16:37.160Z,2025-12-01T17:16:37.160Z
43,19944,19944,2023,860Z200US19944,652,71.7,652,575,0,7,0,0,0,70,652,4,652,0,2,1,2,2,0,0,315,216,99,315,216,199,10,3,4,0,0,315,6,1,0,,637,82,1,51,65,34,184,80,33,23,320,652,14,0,0,0,3,6,5,103125,92663,315,4,92,0.5408,648,234,234,231,3,414,648,1618,1618,315,1303,315,279,36,1160100,,12.7,1987,1618,876,343,30,36,83,27,84,17,122,652,600,58,79,63,232,315,2,104,171,33,5,652,17,0,228,158,0,0,46,182,20,17,0,652,0,0,6,0,0,643,65,652,0,0,5,0,25,60,231,136,70,40,24,16,8,2,0,9,0,1,0,8,13,231,136,0,0,0,7,11,22,23,2,0,2,7,16,9,7,16,129,87,0,0,0,231,0,8,11,22,43,11,7,35,41,27,19,4,3,118,0,57813,76250,73571,71429,74643,93750,93750,9,54,55,243,291,1,2025-12-01T17:17:17.599Z,2025-12-01T17:17:17.599Z
44,19945,19945,2023,860Z200US19945,8917,58.7,8917,6905,1085,0,76,0,233,618,8917,756,8917,348,486,99,138,491,96,0,3785,2731,1054,3785,2731,1665,483,310,223,27,23,3785,791,107,0,,7227,1977,267,644,822,618,1504,665,55,69,2293,8673,1232,78,12,298,237,419,108,86021,55568,3785,209,428,0.5204,7782,4325,4325,4122,203,3457,7782,5823,5823,3785,2038,3785,3313,472,410000,1229,24.9,2004,5823,4134,954,23,89,65,43,0,0,515,8911,7283,480,2091,2094,1246,3785,116,922,1587,711,449,8900,820,79,4089,3113,2,0,364,3725,393,485,133,8543,0,8,58,14,0,7570,713,8917,0,3,223,295,486,1116,4122,2040,511,378,351,27,40,23,7,84,6,0,78,0,9,4122,2040,87,87,0,464,233,54,177,100,75,25,62,149,120,29,221,2556,1435,87,87,0,4122,153,520,293,69,543,165,62,334,453,790,303,252,185,1369,29,42571,68750,82125,86989,53750,30893,,1347,988,1626,4154,802,1,2025-12-01T17:17:58.048Z,2025-12-01T17:17:58.048Z
45,19946,19946,2023,860Z200US19946,5508,45.5,5508,3535,1072,0,21,0,319,561,5508,271,5508,62,171,73,109,222,35,7,2081,1554,527,2081,1554,752,264,344,48,107,39,2081,588,158,0,,3889,1343,115,310,390,507,380,297,31,15,723,5426,1461,4,71,359,336,330,251,76213,31878,2081,28,116,0.3845,4451,2770,2702,2536,166,1681,4451,2307,2307,2081,226,2081,1762,319,263400,1282,34.7,1993,2307,1580,33,37,12,7,0,0,0,638,5508,4439,370,854,977,1275,2081,63,510,998,359,151,5508,651,110,2549,1959,25,0,303,2246,227,95,163,5326,0,0,1,0,0,4160,445,5440,0,44,40,70,514,316,2536,1408,259,115,96,19,29,25,1,54,41,2,3,8,61,2536,1408,20,20,0,226,148,11,140,22,22,0,27,242,65,177,75,1516,896,20,20,0,2536,20,239,153,18,300,56,31,282,94,805,278,65,195,871,0,33184,62348,83911,84537,79550,79034,78920,1280,838,1526,1499,365,1,2025-12-01T17:18:38.494Z,2025-12-01T17:18:38.494Z
46,19947,19947,2023,860Z200US19947,19343,37.1,19343,12071,1948,238,79,0,2792,2215,19343,7132,19343,2953,3767,124,814,3953,1436,82,6356,4584,1772,6356,4584,1795,1024,799,372,312,282,6356,2498,607,30,,12690,3426,600,557,1198,1545,1466,747,83,25,2321,18587,4076,119,176,667,1186,1314,503,68529,29600,6356,125,281,0.4092,15016,8517,8498,8297,201,6499,15016,6972,6972,6356,616,6356,4306,2050,294000,1298,36.8,1992,6972,5036,182,145,76,424,158,200,96,655,17937,12216,630,1549,4765,2865,6356,143,1702,2384,1390,737,17858,2036,482,8217,6316,36,0,297,7920,649,879,449,18194,189,0,77,11,0,14441,999,18004,0,89,205,404,1483,1020,8297,5065,726,319,297,22,158,61,29,160,32,15,88,25,89,8297,5065,145,137,8,1064,600,179,500,270,213,57,21,39,39,0,1086,6117,4078,137,129,8,8297,155,1131,867,238,804,315,50,151,1392,1411,1016,316,451,1957,32,38075,62212,74792,75000,62452,53603,105625,4883,4262,4654,4418,1126,1,2025-12-01T17:19:18.946Z,2025-12-01T17:19:18.946Z
47,19950,19950,2023,860Z200US19950,7822,46.5,7822,6319,854,8,165,0,70,406,7822,623,7822,264,480,16,216,499,244,8,3229,1954,1275,3229,1954,965,409,262,155,40,123,3229,661,111,0,,5817,1698,280,395,740,483,727,296,9,44,1076,7465,1299,119,43,260,301,308,192,74970,37503,3229,90,207,0.4043,6559,4278,4274,4106,168,2281,6559,3480,3480,3229,251,3229,2388,841,272800,1304,31.5,1991,3480,2665,62,58,75,147,0,5,0,468,7771,6309,156,976,1557,2226,3229,127,1094,929,610,469,7765,434,284,4027,3375,0,0,331,3696,319,247,294,7284,0,0,130,18,0,6374,535,7767,0,41,41,243,668,503,4106,2464,614,266,172,94,175,87,29,147,16,0,0,131,26,4106,2464,97,97,0,607,241,40,260,138,124,14,70,130,70,60,205,3192,2002,97,97,0,4106,115,742,374,96,516,259,91,300,305,583,310,126,289,1135,62,41058,58045,46000,44094,60083,58482,52305,1444,1473,2010,2321,574,1,2025-12-01T17:19:59.394Z,2025-12-01T17:19:59.394Z
48,19951,19951,2023,860Z200US19951,1957,58.6,1957,1688,103,0,85,0,11,70,1957,64,1957,47,151,48,104,175,48,0,795,601,194,795,601,346,139,85,13,15,3,795,122,7,0,,1666,565,17,93,270,108,301,106,32,51,490,1921,224,29,6,38,83,51,12,79698,43609,795,46,67,0.4591,1710,834,834,789,45,876,1710,886,886,795,91,795,789,6,427900,,15.8,2001,886,803,43,0,0,0,0,0,0,39,1957,1938,251,344,566,324,795,4,214,441,114,22,1957,153,33,782,567,0,0,122,660,90,33,31,1903,2,0,33,15,0,1703,256,1957,0,45,17,21,80,158,789,534,173,103,99,4,0,0,0,3,0,0,1,2,67,789,534,1,1,0,157,11,4,27,47,34,13,3,20,17,3,100,531,370,1,1,0,789,1,178,18,4,72,58,6,70,106,152,28,27,69,275,1,44792,59750,52981,53077,44688,,,254,258,409,609,427,1,2025-12-01T17:20:39.843Z,2025-12-01T17:20:39.843Z
49,19952,19952,2023,860Z200US19952,10730,37.3,10730,9282,845,0,124,0,35,444,10730,564,10730,136,299,43,163,348,102,25,4172,2856,1316,4172,2856,1449,431,527,199,208,42,4172,1176,187,1,,7058,2192,295,710,858,713,1066,525,28,18,1637,10184,2317,232,57,561,589,412,315,78333,34936,4172,151,122,0.3807,8369,5816,5803,5566,237,2553,8369,4446,4446,4172,274,4172,3133,1039,274000,1183,26.8,1992,4446,3656,12,27,103,44,203,73,23,301,10725,8760,527,1274,3060,2212,4172,152,852,1911,666,591,10716,938,337,5372,4397,30,0,437,4935,600,245,322,9931,25,0,87,8,0,8167,854,10717,0,213,118,451,1145,564,5566,2780,911,395,343,52,290,160,71,140,14,0,116,10,86,5566,2780,141,137,4,297,219,97,327,149,129,20,10,164,145,19,213,4057,2023,112,108,4,5566,156,463,269,106,709,263,23,326,431,1375,659,149,637,1975,123,43488,61042,63948,64651,63354,48116,36460,2550,2476,2534,2293,877,1,2025-12-01T17:21:20.237Z,2025-12-01T17:21:20.237Z
50,19953,19953,2023,860Z200US19953,4614,36.3,4614,3579,254,63,11,0,1,706,4614,332,4614,151,162,9,11,380,8,1,1700,899,801,1700,899,237,162,302,169,0,29,1700,541,81,0,,2979,907,288,179,152,516,54,243,0,9,306,4266,873,20,50,119,291,203,122,71466,33590,1700,118,0,0.3886,3632,2442,2402,2224,178,1190,3632,1830,1830,1700,130,1700,1259,441,244200,1063,33.6,1993,1830,1326,5,0,0,0,0,0,0,499,4609,3394,295,592,564,1191,1700,130,523,521,448,78,4568,379,280,2245,1523,0,0,240,2005,159,93,99,4163,1,0,401,22,0,3455,518,4574,0,60,79,124,515,147,2224,1196,324,164,108,56,25,5,0,135,0,0,135,0,0,2224,1196,0,0,0,277,148,40,74,152,152,0,0,0,0,0,118,1517,891,0,0,0,2224,31,320,266,40,332,217,0,115,142,430,131,84,116,577,0,41598,68203,59514,59583,,56059,,1119,1164,998,927,406,1,2025-12-01T17:22:00.638Z,2025-12-01T17:22:00.638Z
18,19735,19735,2023,860Z200US19735,0,-666666666,0,0,0,0,0,0,0,0,0,0,0,0,0,0,0,0,0,0,0,0,0,0,0,0,0,0,0,0,0,0,0,0,0,,0,0,0,0,0,0,0,0,0,0,0,0,0,0,0,0,0,0,0,,,0,0,0,-666666666,0,0,0,0,0,0,0,0,0,0,0,0,0,0,,,-666666666,,0,0,0,0,0,0,0,0,0,0,0,0,0,0,0,0,0,0,0,0,0,0,0,0,0,0,0,0,0,0,0,0,0,0,0,0,0,0,0,0,0,0,0,0,0,0,0,0,0,0,0,0,0,0,0,0,0,0,0,0,0,0,0,0,0,0,0,0,0,0,0,0,0,0,0,0,0,0,0,0,0,0,0,0,0,0,0,0,0,0,0,0,0,0,0,0,0,0,0,0,0,0,,,,,,,,0,0,0,0,0,,2025-12-01T17:00:26.290Z,2025-12-01T17:00:26.290Z
10,19716,19716,2023,860Z200US19716,0,-666666666,0,0,0,0,0,0,0,0,0,0,0,0,0,0,0,0,0,0,0,0,0,0,0,0,0,0,0,0,0,0,0,0,0,,0,0,0,0,0,0,0,0,0,0,0,0,0,0,0,0,0,0,0,,,0,0,0,-666666666,0,0,0,0,0,0,0,0,0,0,0,0,0,0,,,-666666666,,0,0,0,0,0,0,0,0,0,0,0,0,0,0,0,0,0,0,0,0,0,0,0,0,0,0,0,0,0,0,0,0,0,0,0,0,0,0,0,0,0,0,0,0,0,0,0,0,0,0,0,0,0,0,0,0,0,0,0,0,0,0,0,0,0,0,0,0,0,0,0,0,0,0,0,0,0,0,0,0,0,0,0,0,0,0,0,0,0,0,0,0,0,0,0,0,0,0,0,0,0,0,,,,,,,,0,0,0,0,0,,2025-12-01T16:55:02.712Z,2025-12-01T16:55:02.712Z
51,19954,19954,2023,860Z200US19954,1728,37.7,1728,1470,199,0,0,0,30,29,1728,27,1728,15,22,5,7,26,1,0,648,476,172,648,476,261,79,64,17,9,46,648,197,56,0,,1126,441,65,72,149,96,95,27,0,0,122,1708,502,0,13,84,154,174,75,61823,29767,648,20,45,0.3838,1394,758,753,718,35,636,1394,686,686,648,38,648,476,172,283800,1205,27.9,1981,686,643,7,0,0,0,0,0,0,36,1728,1086,27,200,288,109,648,14,160,264,88,122,1719,272,9,706,581,0,0,70,636,94,123,13,1702,1,0,0,0,0,1280,127,1723,0,4,28,17,251,108,718,405,91,70,70,0,18,5,10,2,0,0,2,0,1,718,405,10,10,0,102,105,5,9,59,19,40,5,10,10,0,29,552,381,10,10,0,718,16,110,109,5,45,73,5,35,37,96,115,13,59,221,0,50833,63523,64464,90729,,64875,,443,348,390,458,89,1,2025-12-01T17:22:41.076Z,2025-12-01T17:22:41.076Z
7,19710,19710,2023,860Z200US19710,0,-666666666,0,0,0,0,0,0,0,0,0,0,0,0,0,0,0,0,0,0,0,0,0,0,0,0,0,0,0,0,0,0,0,0,0,,0,0,0,0,0,0,0,0,0,0,0,0,0,0,0,0,0,0,0,,,0,0,0,-666666666,0,0,0,0,0,0,0,0,0,0,0,0,0,0,,,-666666666,,0,0,0,0,0,0,0,0,0,0,0,0,0,0,0,0,0,0,0,0,0,0,0,0,0,0,0,0,0,0,0,0,0,0,0,0,0,0,0,0,0,0,0,0,0,0,0,0,0,0,0,0,0,0,0,0,0,0,0,0,0,0,0,0,0,0,0,0,0,0,0,0,0,0,0,0,0,0,0,0,0,0,0,0,0,0,0,0,0,0,0,0,0,0,0,0,0,0,0,0,0,0,,,,,,,,0,0,0,0,0,,2025-12-01T16:53:01.407Z,2025-12-01T16:53:01.407Z
52,19955,19955,2023,860Z200US19955,359,14,359,325,0,0,0,0,30,4,359,22,359,22,22,0,0,22,9,0,88,81,7,88,81,25,13,1,37,5,0,88,57,41,0,,128,49,4,0,4,8,45,0,0,0,45,359,260,4,4,126,79,9,1,50000,13523,88,0,0,0.2101,141,105,105,68,37,36,141,98,98,88,10,88,74,14,220000,,-666666666,2005,98,90,0,0,0,0,0,0,0,8,359,313,10,254,17,5,88,0,54,30,4,0,359,8,1,68,42,0,0,0,68,7,10,1,354,0,0,0,0,0,136,8,359,0,0,0,4,6,4,68,35,1,0,0,0,1,1,0,0,0,0,0,0,0,68,35,0,0,0,12,0,0,1,0,0,0,0,3,0,3,0,57,35,0,0,0,68,0,12,4,0,9,4,0,3,0,8,7,0,21,6,0,33750,14375,,,,,,223,26,73,37,0,1,2025-12-01T17:23:21.525Z,2025-12-01T17:23:21.525Z
53,19956,19956,2023,860Z200US19956,16274,36.5,16274,11646,2701,76,86,0,515,1250,16274,2233,16274,931,1533,47,602,1658,685,14,6013,4302,1711,6013,4302,1919,801,707,646,91,138,6013,2052,918,10,,10770,3643,626,830,1341,913,1182,445,49,12,1688,15686,4154,201,120,728,1106,1307,471,59085,29022,6013,382,229,0.4296,12510,7880,7880,7487,393,4630,12510,6556,6556,6013,543,6013,3949,2064,233500,923,31.8,1986,6556,4483,196,149,59,166,267,49,51,1120,16252,10680,882,1498,2447,2507,6013,229,2036,1781,1147,820,16245,3047,356,7439,6122,117,88,293,7146,729,978,77,15313,151,0,81,0,0,11976,982,16274,0,133,351,499,1898,844,7487,3702,921,607,466,141,161,36,58,110,65,10,23,12,43,7487,3702,319,319,0,603,649,39,301,321,311,10,49,160,114,46,440,5168,2914,255,255,0,7487,417,677,878,79,817,596,96,575,864,1387,519,330,252,2061,313,38188,57420,57722,49153,85980,82000,,4298,3549,3641,3840,946,1,2025-12-01T17:24:02.046Z,2025-12-01T17:24:02.046Z
54,19958,19958,2023,860Z200US19958,29599,61.8,29599,26081,690,34,591,0,508,1695,29599,1231,29599,527,1821,530,1294,2287,431,52,14358,8931,5427,14358,8931,6281,1227,1004,244,146,29,14358,1688,297,2,,25433,4978,483,1200,2683,2406,6568,3725,1211,1006,12510,29111,3529,133,194,852,905,645,471,91445,63733,14358,339,2499,0.4694,26596,12454,12419,12036,383,14142,26596,19410,19410,14358,5052,14358,11923,2435,488900,1654,35.5,2003,19410,13082,1300,229,235,858,934,550,126,2086,29361,25009,2467,5644,8587,4728,14358,571,4990,6198,1994,605,29384,1913,222,11879,8582,13,0,2326,9553,1648,706,454,28891,1,0,239,10,13,26210,2725,29354,2,152,583,426,1491,4020,12036,6007,2592,1153,854,299,554,287,171,524,18,113,301,92,361,12036,6007,64,64,0,775,534,186,633,344,308,36,152,463,225,238,757,8050,4243,10,10,0,12036,104,926,878,314,1334,461,218,928,1513,3136,1093,530,601,5913,45,53830,73051,81691,72446,107109,70682,67731,3354,3017,5100,13214,4914,1,2025-12-01T17:24:42.735Z,2025-12-01T17:24:42.735Z
55,19960,19960,2023,860Z200US19960,7083,37.1,7083,4601,1614,0,0,0,143,725,7083,1003,7083,273,838,182,565,939,198,31,2303,1812,491,2303,1812,836,258,452,173,11,82,2303,817,333,0,,4517,1599,208,218,660,653,442,149,21,26,638,6767,1740,66,89,362,213,519,468,66929,29516,2303,10,112,0.3769,5717,3726,3709,3629,80,1991,5717,2509,2509,2303,206,2303,1896,407,276200,1306,16.7,1998,2509,1937,44,0,0,0,0,0,0,528,7081,6031,56,459,1662,2859,2303,103,565,862,465,308,7083,536,320,3495,2800,0,0,426,3069,293,341,73,6672,0,31,6,0,0,5439,301,7066,0,87,160,62,800,256,3629,1686,180,73,57,16,79,0,47,0,0,0,0,0,28,3629,1686,5,0,5,482,216,49,261,97,97,0,82,21,0,21,289,2658,1275,5,0,5,3629,5,586,329,130,481,151,82,91,440,959,115,51,209,818,5,33031,49828,65789,80107,27414,69202,,1627,1742,1709,1578,427,1,2025-12-01T17:25:23.185Z,2025-12-01T17:25:23.185Z
56,19962,19962,2023,860Z200US19962,12618,39.3,12618,7581,2864,248,543,0,96,1286,12618,801,12618,335,1048,162,713,1274,147,17,4521,3572,949,4521,3572,1452,783,642,341,264,90,4521,1594,180,0,,8931,2103,381,593,1221,476,2260,874,120,279,3533,12265,2683,190,239,624,468,667,345,107868,38245,4521,53,224,0.3441,10063,6585,6469,6126,343,3478,10063,4730,4730,4521,209,4521,4073,448,357000,1205,45.2,2004,4730,3921,125,9,7,0,101,0,0,567,12614,11347,1504,2061,3338,3233,4521,93,975,2405,805,243,12416,613,361,6141,4901,76,0,408,5733,1002,403,38,11883,1,0,109,0,0,9671,1382,12502,0,108,150,373,1368,738,6126,3016,1232,585,460,125,223,52,123,303,15,0,272,16,121,6126,3016,0,0,0,350,221,34,632,99,96,3,73,118,118,0,249,4629,2379,0,0,0,6126,13,386,278,78,938,162,73,523,425,1857,383,103,907,2994,0,55490,69286,75156,93649,51189,79583,82847,2831,2607,3378,3031,771,1,2025-12-01T17:26:03.705Z,2025-12-01T17:26:03.705Z
57,19963,19963,2023,860Z200US19963,22544,40.3,22544,14267,4578,58,604,41,1310,1686,22544,2331,22544,1345,2450,393,1105,3092,1166,180,9372,5558,3814,9372,5558,2633,1388,794,357,247,139,9372,2496,805,0,,15863,4450,742,1047,2299,1334,2671,1307,180,184,4342,21577,4609,132,330,758,1067,1532,608,65420,36684,9372,303,513,0.4473,17965,10928,10894,10379,515,7037,17965,10300,10300,9372,928,9372,5894,3478,291200,1161,28.9,1986,10300,7149,305,165,281,635,694,303,412,356,22246,14102,1080,2480,4291,2778,9372,1105,3132,3381,989,765,22168,3443,344,10261,8009,185,0,867,9394,1417,681,311,21076,55,63,666,0,0,17252,1637,22241,0,229,231,988,2219,1906,10379,5284,1672,877,695,182,326,139,47,318,17,37,201,63,151,10379,5284,147,147,0,899,713,109,930,331,233,98,19,288,76,212,466,7992,4278,104,104,0,10379,153,1067,1081,115,1564,416,69,471,822,2549,1089,496,487,3632,80,41705,68086,71065,71798,36125,61891,61750,5258,4647,4291,6667,1681,1,2025-12-01T17:26:44.201Z,2025-12-01T17:26:44.201Z
58,19964,19964,2023,860Z200US19964,1570,40.3,1570,1479,0,0,0,0,22,69,1570,59,1570,39,39,17,0,53,22,0,674,450,224,674,450,168,56,24,173,10,19,674,268,22,0,,1164,401,44,91,80,100,39,33,0,0,72,1511,225,9,10,26,155,25,0,95250,45762,674,0,19,0.3135,1239,770,751,730,21,469,1239,674,674,674,0,674,624,50,334000,,-666666666,2002,674,643,0,0,0,0,0,0,0,31,1552,1415,0,249,776,164,674,188,155,267,43,21,1570,62,50,749,338,0,0,26,723,97,0,61,1483,0,0,442,0,0,1182,72,1551,0,0,0,37,13,38,730,442,32,14,14,0,0,0,0,7,0,0,0,7,11,730,442,14,14,0,243,68,0,31,60,60,0,0,0,0,0,11,592,375,14,14,0,730,14,243,143,60,88,60,0,0,19,88,0,4,11,95,14,53382,57396,74063,74063,,,,369,61,726,264,150,1,2025-12-01T17:27:24.637Z,2025-12-01T17:27:24.637Z
59,19966,19966,2023,860Z200US19966,34892,53,34892,26481,2814,1074,468,0,1572,2483,34892,3889,34892,1674,2841,271,1167,3009,854,17,15130,10211,4919,15130,10211,6061,1645,1455,728,139,183,15130,3374,1101,26,,26378,7670,1009,2012,3443,2386,4182,2511,303,290,7286,33887,6101,323,239,1357,1419,1488,1046,75436,42440,15130,318,1189,0.4242,29509,16600,16468,15449,1019,12909,29509,19625,19625,15130,4495,15130,12481,2649,282100,1293,30.1,2002,19625,9877,2231,18,138,611,293,269,45,6138,34612,27088,2382,5419,8909,5994,15130,428,5223,6572,2103,804,34550,4153,680,15309,12063,18,0,1730,13579,936,965,550,33251,62,116,232,56,4,28610,2785,34492,32,174,811,686,3228,3956,15449,7274,2266,1287,997,290,365,156,24,498,32,52,351,63,116,15449,7274,206,203,3,1033,598,99,1093,495,403,92,52,652,362,290,841,9997,5123,204,201,3,15449,327,1422,947,121,2078,799,135,1081,1871,3717,1660,664,627,5803,128,38680,62556,71667,74167,62895,76000,63700,6150,5480,6664,12858,3740,1,2025-12-01T17:28:05.091Z,2025-12-01T17:28:05.091Z
60,19967,19967,2023,860Z200US19967,2093,65.4,2093,1941,27,0,15,0,67,43,2093,44,2093,4,80,25,76,94,7,7,1188,710,478,1188,710,581,94,31,4,0,0,1188,78,33,0,,1952,371,51,182,212,235,506,222,92,25,845,2075,100,0,0,13,2,62,5,89545,62617,1188,98,187,0.4362,2030,740,740,705,35,1290,2030,1786,1786,1188,598,1188,1108,80,450100,1730,18.1,,1786,1123,632,0,0,0,0,0,0,31,2093,1909,193,654,931,53,1188,18,474,533,150,13,2091,142,16,674,447,4,0,149,525,41,95,85,2048,0,0,12,0,0,1997,90,2093,0,0,29,29,68,540,705,345,159,85,52,33,32,32,0,35,0,8,9,18,7,705,345,0,0,0,39,28,25,65,18,18,0,14,18,8,10,70,474,250,0,0,0,705,0,46,72,27,91,51,18,38,122,90,132,8,10,309,0,68347,112656,137292,157891,136250,148125,149063,96,146,252,1371,228,1,2025-12-01T17:28:45.535Z,2025-12-01T17:28:45.535Z
61,19968,19968,2023,860Z200US19968,14791,54,14791,12608,964,1,346,0,124,748,14791,652,14791,168,720,136,552,874,162,3,6093,4441,1652,6093,4441,2517,997,597,289,41,0,6093,1448,413,0,,11476,2814,325,748,1174,1050,2692,1386,270,295,4643,14408,2571,283,227,432,349,681,480,81646,43179,6093,264,540,0.4202,12732,6249,6236,5698,538,6483,12732,7380,7380,6093,1287,6093,5500,593,418600,1408,39.3,2004,7380,6217,446,63,80,123,21,0,9,400,14773,13385,832,3463,5098,1858,6093,56,1839,2881,900,417,14744,1232,291,5691,4439,1,0,658,5033,719,391,119,14158,0,0,65,43,0,12253,1113,14774,0,125,215,342,824,1843,5698,2953,945,497,434,63,164,92,16,162,45,6,89,22,122,5698,2953,145,145,0,325,290,17,586,162,82,80,47,59,40,19,330,3949,1985,41,41,0,5698,162,379,427,25,759,191,160,147,517,1692,408,464,367,2631,56,51352,69957,71071,75076,51889,66818,80651,2525,2206,2782,5678,1600,1,2025-12-01T17:29:26.001Z,2025-12-01T17:29:26.001Z
62,19970,19970,2023,860Z200US19970,8265,62.9,8265,7761,86,10,118,0,34,256,8265,234,8265,60,409,152,349,442,86,0,3891,2797,1094,3891,2797,2148,336,280,29,4,0,3891,433,133,0,,6972,1546,159,435,661,614,1634,1308,222,108,3272,8022,894,31,192,130,137,173,147,90802,50258,3891,283,447,0.4139,7208,2928,2903,2864,39,4280,7208,8418,8418,3891,4527,3891,3540,351,489500,1458,38,2004,8418,5151,1780,10,223,177,169,126,0,782,8265,7104,558,1349,2180,2388,3891,141,1367,1751,445,187,8265,1060,10,2843,1923,0,0,651,2192,449,188,79,7799,2,0,28,0,0,7134,723,8240,0,21,178,261,483,1129,2864,1466,827,410,308,102,127,76,32,257,0,78,135,44,33,2864,1466,0,0,0,269,45,23,106,53,40,13,13,49,20,29,333,1855,1023,0,0,0,2864,0,300,100,31,314,57,25,226,502,646,335,113,215,1643,0,52625,70417,86563,76875,120714,50000,26705,1106,778,994,3718,1669,1,2025-12-01T17:30:06.426Z,2025-12-01T17:30:06.426Z
63,19971,19971,2023,860Z200US19971,15528,62.1,15528,13679,699,3,259,0,236,652,15528,413,15528,246,966,324,720,1108,187,2,7915,4676,3239,7915,4676,3650,553,328,82,3,60,7915,646,109,0,,13770,2375,209,807,1392,981,3928,2338,860,387,7513,15377,1522,104,32,319,380,260,296,103301,76357,7915,195,1554,0.4791,14369,7062,7058,6666,392,7307,14369,16948,16948,7915,9033,7915,6989,926,561300,1383,35.9,1995,16948,9426,1362,366,766,1010,839,397,821,1961,15513,13752,1149,2835,4225,3297,7915,242,3016,3567,864,226,15515,1103,41,6520,4567,50,6,1449,5071,1111,298,50,15352,2,0,153,0,0,14251,1315,15524,0,64,347,95,599,2094,6666,3356,1577,861,653,208,292,86,84,242,44,30,78,90,182,6666,3356,61,4,57,203,172,74,324,91,91,0,111,523,277,246,378,4310,2187,43,4,39,6666,69,335,233,129,543,281,128,923,854,1487,881,198,605,3435,47,53929,80367,82448,90323,61714,89904,101442,1273,1309,2790,7632,2524,1,2025-12-01T17:30:46.871Z,2025-12-01T17:30:46.871Z
64,19973,19973,2023,860Z200US19973,25786,42.9,25786,15702,5395,12,241,0,1203,3233,25786,2725,25786,1285,2369,110,1084,2632,784,93,9927,6827,3100,9927,6827,2907,1736,1252,612,212,108,9927,3145,897,0,,17722,5435,571,1308,2780,1677,2025,918,172,58,3173,24711,5753,306,461,1174,1153,1498,1010,62668,32570,9927,608,610,0.4415,20683,12810,12810,11693,1117,7873,20683,10725,10725,9927,798,9927,7253,2674,254300,1131,33.3,1986,10725,7481,352,224,367,437,205,175,131,1289,25486,19051,660,3345,6253,4523,9927,476,3151,3400,1915,985,25409,4173,596,11385,8849,26,13,881,10504,1607,959,550,24124,15,59,533,115,0,19983,1683,25535,0,191,520,780,2518,1770,11693,6031,1328,764,650,114,256,65,62,160,55,0,74,31,148,11693,6031,285,271,14,749,1027,182,760,688,542,146,12,110,73,37,664,8387,4634,216,202,14,11693,423,769,1660,279,1511,1009,24,340,959,2740,674,693,612,3587,127,39074,63188,77204,81546,50494,72153,190093,5803,4812,6395,6929,1847,1,2025-12-01T17:31:27.256Z,2025-12-01T17:31:27.256Z
65,19975,19975,2023,860Z200US19975,10356,61,10356,8958,309,0,28,49,325,687,10356,860,10356,426,785,114,359,913,335,49,4921,3139,1782,4921,3139,2135,474,411,86,22,11,4921,651,124,0,,8819,2390,374,498,1024,612,2012,1127,126,133,3398,10297,1214,16,54,343,309,213,220,86063,59598,4921,198,599,0.4666,9421,4430,4414,4117,297,4991,9421,8890,8890,4921,3969,4921,4343,578,430000,1098,27.6,2003,8890,5710,1720,82,42,129,147,51,99,910,10353,9317,863,2405,2860,1806,4921,163,1657,1939,878,284,10324,653,86,4096,3146,0,0,624,3472,362,388,30,10206,8,0,55,27,0,9313,747,10339,0,5,253,64,568,1366,4117,2046,831,423,298,125,162,32,56,177,69,6,85,17,69,4117,2046,12,12,0,389,193,51,242,108,52,56,4,112,43,69,337,2890,1602,12,12,0,4117,12,450,285,79,534,131,12,266,475,1077,432,233,131,1672,0,46778,71141,120000,110096,121838,67138,115179,1027,1248,2013,4472,1596,1,2025-12-01T17:32:07.667Z,2025-12-01T17:32:07.667Z
66,19977,19977,2023,860Z200US19977,27164,38.8,27164,15640,8170,22,628,0,262,2442,27164,2150,27164,364,1844,88,1480,2409,703,134,9258,6600,2658,9258,6600,2782,1471,1429,778,59,81,9258,3423,847,20,,19083,5789,1532,1590,2598,1656,2750,1289,157,187,4383,26209,6220,328,415,1224,1305,1516,874,78803,34915,9258,114,624,0.3612,21705,12550,12378,11814,564,9155,21705,9899,9899,9258,641,9258,7694,1564,311800,1366,29.7,2002,9899,6108,1961,42,364,604,193,0,15,612,25049,21428,2283,3625,6737,6315,9258,216,2959,4105,1422,556,25051,1775,803,11834,9736,70,0,1070,10764,1522,1592,308,25271,33,41,248,286,0,20914,1632,24915,0,238,410,826,3059,1496,11814,5397,1385,790,646,144,366,268,48,205,0,82,123,0,24,11814,5397,51,51,0,536,814,96,1025,645,600,45,48,179,111,68,484,9023,4338,36,36,0,11814,84,674,985,96,1882,860,54,731,881,2817,935,257,1558,4132,0,49899,62483,65060,78103,61989,74765,75515,6078,6077,7124,6193,1692,1,2025-12-01T17:32:48.113Z,2025-12-01T17:32:48.113Z
67,19979,19979,2023,860Z200US19979,503,39.8,503,484,0,0,0,0,0,19,503,5,503,1,1,0,0,2,0,0,217,133,84,217,133,61,20,52,0,0,0,217,65,4,0,,366,116,23,56,60,9,47,5,0,1,53,475,108,20,2,15,30,7,34,95325,41591,217,2,23,0.3913,404,236,236,222,14,168,404,217,217,217,0,217,178,39,265600,1708,9,1985,217,193,0,0,0,0,0,0,0,24,503,359,35,69,13,99,217,0,38,126,38,15,493,48,28,215,202,0,0,13,202,14,28,1,475,0,0,0,0,0,401,123,503,0,0,12,0,51,14,222,152,8,0,0,0,6,1,1,2,0,0,2,0,0,222,152,15,15,0,8,33,0,2,0,0,0,0,0,0,0,33,182,130,15,15,0,222,15,8,33,0,38,0,0,0,39,26,0,10,53,29,0,58750,53438,,,,70625,,102,103,75,201,22,1,2025-12-01T17:33:28.660Z,2025-12-01T17:33:28.660Z
68,21912,21912,2023,860Z200US21912,1430,59,1430,1388,29,0,0,0,0,13,1430,0,1430,0,22,22,22,37,0,0,677,421,256,677,421,232,103,79,0,0,7,677,67,0,0,,1196,428,0,104,233,121,108,120,59,0,287,1417,179,5,0,64,71,7,32,65074,66003,677,0,118,0.5588,1270,551,551,539,12,719,1270,677,677,677,0,677,611,66,385600,,-666666666,1990,677,651,0,0,0,0,0,0,14,12,1430,1311,61,61,256,603,677,91,227,190,140,29,1430,51,0,486,390,0,0,61,425,27,186,11,1412,0,0,82,0,0,1270,136,1430,0,0,38,18,76,181,539,332,76,15,15,0,16,7,0,45,0,45,0,0,0,539,332,74,74,0,33,73,15,0,19,19,0,0,7,7,0,45,392,251,21,21,0,539,74,44,73,15,11,19,0,7,146,98,0,22,30,272,9,102015,120769,127994,,,153047,,160,106,309,658,197,1,2025-12-01T17:34:09.120Z,2025-12-01T17:34:09.120Z
